text, generated
"This is a completely original thought that I have formulated without any assistance.",0
"I believe that technology has improved our lives significantly, and I can provide various examples.",0
"Artificial intelligence has rapidly advanced in recent years, enabling new capabilities.",1
"Chatbots are becoming increasingly sophisticated, often mimicking human responses effectively.",1
"The sky is blue because molecules in the air scatter blue light more than other colors.",0
"According to recent studies, deep learning has transformed natural language processing.",1
"Handwritten notes often carry a personal touch that digital text cannot replicate.",0
"Generative models like GPT-4 can compose entire essays with minimal human input.",1
"I enjoy hiking in the mountains and feeling the fresh air while admiring the scenery.",0
"AI models learn from vast amounts of text data, refining their responses over time.",1